record_id,merchant_id,step_name,step_order,completed_date,time_to_complete_days
ONB00001,M0001,account_created,1,2023-01-12,0
ONB00002,M0001,business_info_filled,2,2023-01-15,1
ONB00003,M0001,bank_account_linked,3,2023-01-20,10
ONB00004,M0001,terminal_ordered,4,2023-01-21,9
ONB00005,M0001,terminal_activated,5,2023-01-25,4
ONB00006,M0002,account_created,1,2024-12-27,0
ONB00007,M0002,business_info_filled,2,2024-12-29,4
ONB00008,M0003,account_created,1,2023-08-12,0
ONB00009,M0003,business_info_filled,2,2023-08-13,1
ONB00010,M0004,account_created,1,2024-09-11,0
ONB00011,M0004,business_info_filled,2,2024-09-14,2
ONB00012,M0004,bank_account_linked,3,2024-09-20,0
ONB00013,M0004,terminal_ordered,4,2024-09-27,0
ONB00014,M0004,terminal_activated,5,2024-10-08,8
ONB00015,M0005,account_created,1,2023-07-03,0
ONB00016,M0005,business_info_filled,2,2023-07-06,0
ONB00017,M0005,bank_account_linked,3,2023-07-07,4
ONB00018,M0006,account_created,1,2023-04-28,0
ONB00019,M0006,business_info_filled,2,2023-04-29,2
ONB00020,M0006,bank_account_linked,3,2023-05-05,2
ONB00021,M0006,terminal_ordered,4,2023-05-07,15
ONB00022,M0007,account_created,1,2024-09-06,0
ONB00023,M0007,business_info_filled,2,2024-09-08,3
ONB00024,M0008,account_created,1,2024-01-18,0
ONB00025,M0008,business_info_filled,2,2024-01-19,0
ONB00026,M0009,account_created,1,2024-06-28,0
ONB00027,M0009,business_info_filled,2,2024-07-01,4
ONB00028,M0009,bank_account_linked,3,2024-07-05,10
ONB00029,M0009,terminal_ordered,4,2024-07-13,15
ONB00030,M0009,terminal_activated,5,2024-07-17,4
ONB00031,M0010,account_created,1,2023-11-07,0
ONB00032,M0011,account_created,1,2024-10-22,0
ONB00033,M0011,business_info_filled,2,2024-10-23,0
ONB00034,M0012,account_created,1,2024-11-22,0
ONB00035,M0012,business_info_filled,2,2024-11-24,3
ONB00036,M0012,bank_account_linked,3,2024-11-29,6
ONB00037,M0012,terminal_ordered,4,2024-11-30,12
ONB00038,M0013,account_created,1,2023-05-16,0
ONB00039,M0013,business_info_filled,2,2023-05-17,2
ONB00040,M0013,bank_account_linked,3,2023-05-21,2
ONB00041,M0013,terminal_ordered,4,2023-05-26,15
ONB00042,M0014,account_created,1,2024-10-30,0
ONB00043,M0015,account_created,1,2024-03-03,0
ONB00044,M0015,business_info_filled,2,2024-03-06,1
ONB00045,M0016,account_created,1,2023-07-02,0
ONB00046,M0016,business_info_filled,2,2023-07-04,0
ONB00047,M0017,account_created,1,2023-07-27,0
ONB00048,M0017,business_info_filled,2,2023-07-28,4
ONB00049,M0017,bank_account_linked,3,2023-07-29,6
ONB00050,M0018,account_created,1,2024-08-23,0
ONB00051,M0018,business_info_filled,2,2024-08-24,4
ONB00052,M0018,bank_account_linked,3,2024-08-28,8
ONB00053,M0019,account_created,1,2024-07-11,0
ONB00054,M0019,business_info_filled,2,2024-07-14,3
ONB00055,M0019,bank_account_linked,3,2024-07-19,6
ONB00056,M0019,terminal_ordered,4,2024-07-23,3
ONB00057,M0019,terminal_activated,5,2024-08-02,0
ONB00058,M0020,account_created,1,2024-11-06,0
ONB00059,M0020,business_info_filled,2,2024-11-07,0
ONB00060,M0020,bank_account_linked,3,2024-11-10,0
ONB00061,M0020,terminal_ordered,4,2024-11-15,3
ONB00062,M0021,account_created,1,2024-03-01,0
ONB00063,M0021,business_info_filled,2,2024-03-03,3
ONB00064,M0021,bank_account_linked,3,2024-03-09,0
ONB00065,M0021,terminal_ordered,4,2024-03-16,9
ONB00066,M0021,terminal_activated,5,2024-03-17,20
ONB00067,M0022,account_created,1,2024-12-03,0
ONB00068,M0022,business_info_filled,2,2024-12-04,2
ONB00069,M0022,bank_account_linked,3,2024-12-09,2
ONB00070,M0022,terminal_ordered,4,2024-12-12,9
ONB00071,M0022,terminal_activated,5,2024-12-14,4
ONB00072,M0022,first_transaction_completed,6,2024-12-16,20
ONB00073,M0022,dashboard_explored,7,2024-12-17,24
ONB00074,M0023,account_created,1,2023-03-25,0
ONB00075,M0023,business_info_filled,2,2023-03-26,3
ONB00076,M0024,account_created,1,2024-05-06,0
ONB00077,M0024,business_info_filled,2,2024-05-08,3
ONB00078,M0025,account_created,1,2024-10-17,0
ONB00079,M0025,business_info_filled,2,2024-10-20,5
ONB00080,M0025,bank_account_linked,3,2024-10-22,6
ONB00081,M0025,terminal_ordered,4,2024-10-23,3
ONB00082,M0026,account_created,1,2024-09-04,0
ONB00083,M0026,business_info_filled,2,2024-09-06,4
ONB00084,M0026,bank_account_linked,3,2024-09-08,8
ONB00085,M0026,terminal_ordered,4,2024-09-10,12
ONB00086,M0027,account_created,1,2023-11-02,0
ONB00087,M0027,business_info_filled,2,2023-11-03,4
ONB00088,M0027,bank_account_linked,3,2023-11-08,0
ONB00089,M0027,terminal_ordered,4,2023-11-17,15
ONB00090,M0027,terminal_activated,5,2023-11-21,8
ONB00091,M0028,account_created,1,2023-03-23,0
ONB00092,M0028,business_info_filled,2,2023-03-25,5
ONB00093,M0028,bank_account_linked,3,2023-03-26,0
ONB00094,M0028,terminal_ordered,4,2023-03-28,12
ONB00095,M0028,terminal_activated,5,2023-04-06,4
ONB00096,M0028,first_transaction_completed,6,2023-04-21,10
ONB00097,M0028,dashboard_explored,7,2023-05-03,6
ONB00098,M0028,team_member_added,8,2023-05-21,21
ONB00099,M0029,account_created,1,2024-10-19,0
ONB00100,M0029,business_info_filled,2,2024-10-21,4
ONB00101,M0030,account_created,1,2023-07-04,0
ONB00102,M0030,business_info_filled,2,2023-07-07,0
ONB00103,M0030,bank_account_linked,3,2023-07-10,4
ONB00104,M0030,terminal_ordered,4,2023-07-16,15
ONB00105,M0030,terminal_activated,5,2023-07-21,20
ONB00106,M0031,account_created,1,2024-03-06,0
ONB00107,M0031,business_info_filled,2,2024-03-07,2
ONB00108,M0031,bank_account_linked,3,2024-03-13,2
ONB00109,M0032,account_created,1,2023-02-08,0
ONB00110,M0032,business_info_filled,2,2023-02-09,0
ONB00111,M0033,account_created,1,2023-08-10,0
ONB00112,M0033,business_info_filled,2,2023-08-13,4
ONB00113,M0033,bank_account_linked,3,2023-08-14,2
ONB00114,M0033,terminal_ordered,4,2023-08-20,0
ONB00115,M0033,terminal_activated,5,2023-08-31,4
ONB00116,M0033,first_transaction_completed,6,2023-09-15,20
ONB00117,M0034,account_created,1,2023-12-13,0
ONB00118,M0035,account_created,1,2023-08-23,0
ONB00119,M0036,account_created,1,2024-02-02,0
ONB00120,M0036,business_info_filled,2,2024-02-05,3
ONB00121,M0037,account_created,1,2024-10-17,0
ONB00122,M0037,business_info_filled,2,2024-10-19,0
ONB00123,M0038,account_created,1,2023-07-29,0
ONB00124,M0038,business_info_filled,2,2023-07-31,3
ONB00125,M0038,bank_account_linked,3,2023-08-02,2
ONB00126,M0038,terminal_ordered,4,2023-08-09,3
ONB00127,M0038,terminal_activated,5,2023-08-14,0
ONB00128,M0038,first_transaction_completed,6,2023-08-21,20
ONB00129,M0039,account_created,1,2023-07-07,0
ONB00130,M0039,business_info_filled,2,2023-07-08,2
ONB00131,M0039,bank_account_linked,3,2023-07-09,4
ONB00132,M0039,terminal_ordered,4,2023-07-15,9
ONB00133,M0040,account_created,1,2024-03-04,0
ONB00134,M0040,business_info_filled,2,2024-03-05,4
ONB00135,M0040,bank_account_linked,3,2024-03-09,10
ONB00136,M0040,terminal_ordered,4,2024-03-13,12
ONB00137,M0040,terminal_activated,5,2024-03-24,0
ONB00138,M0041,account_created,1,2023-02-17,0
ONB00139,M0041,business_info_filled,2,2023-02-20,2
ONB00140,M0041,bank_account_linked,3,2023-02-23,6
ONB00141,M0041,terminal_ordered,4,2023-03-04,6
ONB00142,M0041,terminal_activated,5,2023-03-15,12
ONB00143,M0042,account_created,1,2024-03-09,0
ONB00144,M0042,business_info_filled,2,2024-03-11,0
ONB00145,M0042,bank_account_linked,3,2024-03-16,6
ONB00146,M0042,terminal_ordered,4,2024-03-24,6
ONB00147,M0042,terminal_activated,5,2024-03-28,20
ONB00148,M0043,account_created,1,2023-08-26,0
ONB00149,M0043,business_info_filled,2,2023-08-29,2
ONB00150,M0043,bank_account_linked,3,2023-09-01,8
ONB00151,M0043,terminal_ordered,4,2023-09-06,3
ONB00152,M0043,terminal_activated,5,2023-09-09,4
ONB00153,M0043,first_transaction_completed,6,2023-09-17,5
ONB00154,M0044,account_created,1,2023-08-07,0
ONB00155,M0045,account_created,1,2023-12-03,0
ONB00156,M0045,business_info_filled,2,2023-12-04,1
ONB00157,M0045,bank_account_linked,3,2023-12-05,0
ONB00158,M0046,account_created,1,2023-02-17,0
ONB00159,M0046,business_info_filled,2,2023-02-18,1
ONB00160,M0046,bank_account_linked,3,2023-02-24,6
ONB00161,M0046,terminal_ordered,4,2023-03-02,12
ONB00162,M0047,account_created,1,2024-02-13,0
ONB00163,M0047,business_info_filled,2,2024-02-15,4
ONB00164,M0048,account_created,1,2024-09-30,0
ONB00165,M0048,business_info_filled,2,2024-10-03,1
ONB00166,M0048,bank_account_linked,3,2024-10-07,8
ONB00167,M0048,terminal_ordered,4,2024-10-15,6
ONB00168,M0048,terminal_activated,5,2024-10-19,8
ONB00169,M0048,first_transaction_completed,6,2024-11-03,10
ONB00170,M0049,account_created,1,2023-08-10,0
ONB00171,M0049,business_info_filled,2,2023-08-11,5
ONB00172,M0049,bank_account_linked,3,2023-08-14,6
ONB00173,M0049,terminal_ordered,4,2023-08-15,9
ONB00174,M0049,terminal_activated,5,2023-08-22,12
ONB00175,M0050,account_created,1,2024-03-15,0
ONB00176,M0051,account_created,1,2023-06-28,0
ONB00177,M0051,business_info_filled,2,2023-06-30,2
ONB00178,M0052,account_created,1,2023-03-20,0
ONB00179,M0052,business_info_filled,2,2023-03-22,2
ONB00180,M0052,bank_account_linked,3,2023-03-25,6
ONB00181,M0053,account_created,1,2023-04-25,0
ONB00182,M0053,business_info_filled,2,2023-04-28,1
ONB00183,M0053,bank_account_linked,3,2023-05-03,6
ONB00184,M0053,terminal_ordered,4,2023-05-05,0
ONB00185,M0054,account_created,1,2024-10-02,0
ONB00186,M0054,business_info_filled,2,2024-10-04,3
ONB00187,M0054,bank_account_linked,3,2024-10-07,4
ONB00188,M0055,account_created,1,2023-05-22,0
ONB00189,M0055,business_info_filled,2,2023-05-23,3
ONB00190,M0055,bank_account_linked,3,2023-05-26,0
ONB00191,M0055,terminal_ordered,4,2023-05-27,0
ONB00192,M0056,account_created,1,2023-12-19,0
ONB00193,M0056,business_info_filled,2,2023-12-20,1
ONB00194,M0056,bank_account_linked,3,2023-12-25,0
ONB00195,M0057,account_created,1,2024-11-13,0
ONB00196,M0057,business_info_filled,2,2024-11-16,4
ONB00197,M0057,bank_account_linked,3,2024-11-19,2
ONB00198,M0057,terminal_ordered,4,2024-11-24,0
ONB00199,M0058,account_created,1,2023-03-02,0
ONB00200,M0059,account_created,1,2024-11-24,0
ONB00201,M0059,business_info_filled,2,2024-11-27,2
ONB00202,M0059,bank_account_linked,3,2024-12-02,0
ONB00203,M0060,account_created,1,2024-06-13,0
ONB00204,M0060,business_info_filled,2,2024-06-15,5
ONB00205,M0060,bank_account_linked,3,2024-06-19,6
ONB00206,M0060,terminal_ordered,4,2024-06-27,6
ONB00207,M0061,account_created,1,2024-07-26,0
ONB00208,M0061,business_info_filled,2,2024-07-28,4
ONB00209,M0061,bank_account_linked,3,2024-08-02,10
ONB00210,M0061,terminal_ordered,4,2024-08-04,3
ONB00211,M0061,terminal_activated,5,2024-08-08,12
ONB00212,M0062,account_created,1,2023-06-26,0
ONB00213,M0062,business_info_filled,2,2023-06-28,3
ONB00214,M0062,bank_account_linked,3,2023-07-01,2
ONB00215,M0063,account_created,1,2024-02-10,0
ONB00216,M0063,business_info_filled,2,2024-02-11,4
ONB00217,M0063,bank_account_linked,3,2024-02-15,10
ONB00218,M0063,terminal_ordered,4,2024-02-23,3
ONB00219,M0064,account_created,1,2024-08-17,0
ONB00220,M0064,business_info_filled,2,2024-08-20,3
ONB00221,M0064,bank_account_linked,3,2024-08-25,10
ONB00222,M0064,terminal_ordered,4,2024-09-03,12
ONB00223,M0064,terminal_activated,5,2024-09-12,20
ONB00224,M0064,first_transaction_completed,6,2024-09-20,25
ONB00225,M0064,dashboard_explored,7,2024-09-28,12
ONB00226,M0064,team_member_added,8,2024-10-09,7
ONB00227,M0065,account_created,1,2023-07-19,0
ONB00228,M0065,business_info_filled,2,2023-07-21,5
ONB00229,M0065,bank_account_linked,3,2023-07-26,8
ONB00230,M0065,terminal_ordered,4,2023-07-30,0
ONB00231,M0065,terminal_activated,5,2023-08-02,8
ONB00232,M0065,first_transaction_completed,6,2023-08-11,25
ONB00233,M0065,dashboard_explored,7,2023-08-13,0
ONB00234,M0066,account_created,1,2024-01-05,0
ONB00235,M0066,business_info_filled,2,2024-01-08,0
ONB00236,M0066,bank_account_linked,3,2024-01-12,6
ONB00237,M0066,terminal_ordered,4,2024-01-17,0
ONB00238,M0067,account_created,1,2024-01-06,0
ONB00239,M0067,business_info_filled,2,2024-01-09,4
ONB00240,M0067,bank_account_linked,3,2024-01-11,2
ONB00241,M0068,account_created,1,2023-12-23,0
ONB00242,M0068,business_info_filled,2,2023-12-26,3
ONB00243,M0068,bank_account_linked,3,2023-12-28,8
ONB00244,M0069,account_created,1,2024-01-17,0
ONB00245,M0070,account_created,1,2023-12-25,0
ONB00246,M0070,business_info_filled,2,2023-12-26,5
ONB00247,M0071,account_created,1,2023-03-23,0
ONB00248,M0071,business_info_filled,2,2023-03-24,1
ONB00249,M0071,bank_account_linked,3,2023-03-26,0
ONB00250,M0071,terminal_ordered,4,2023-04-03,9
ONB00251,M0071,terminal_activated,5,2023-04-08,4
ONB00252,M0072,account_created,1,2023-02-04,0
ONB00253,M0072,business_info_filled,2,2023-02-07,2
ONB00254,M0072,bank_account_linked,3,2023-02-11,2
ONB00255,M0072,terminal_ordered,4,2023-02-14,3
ONB00256,M0073,account_created,1,2024-03-29,0
ONB00257,M0073,business_info_filled,2,2024-04-01,2
ONB00258,M0073,bank_account_linked,3,2024-04-04,8
ONB00259,M0073,terminal_ordered,4,2024-04-09,9
ONB00260,M0074,account_created,1,2024-11-04,0
ONB00261,M0074,business_info_filled,2,2024-11-05,4
ONB00262,M0075,account_created,1,2023-11-28,0
ONB00263,M0075,business_info_filled,2,2023-12-01,1
ONB00264,M0076,account_created,1,2024-10-28,0
ONB00265,M0076,business_info_filled,2,2024-10-30,1
ONB00266,M0076,bank_account_linked,3,2024-11-02,6
ONB00267,M0076,terminal_ordered,4,2024-11-09,12
ONB00268,M0077,account_created,1,2023-11-28,0
ONB00269,M0077,business_info_filled,2,2023-11-30,2
ONB00270,M0077,bank_account_linked,3,2023-12-03,2
ONB00271,M0077,terminal_ordered,4,2023-12-08,9
ONB00272,M0078,account_created,1,2024-02-25,0
ONB00273,M0078,business_info_filled,2,2024-02-27,2
ONB00274,M0078,bank_account_linked,3,2024-03-03,6
ONB00275,M0079,account_created,1,2024-03-17,0
ONB00276,M0079,business_info_filled,2,2024-03-20,1
ONB00277,M0079,bank_account_linked,3,2024-03-26,6
ONB00278,M0079,terminal_ordered,4,2024-03-30,0
ONB00279,M0079,terminal_activated,5,2024-04-04,4
ONB00280,M0079,first_transaction_completed,6,2024-04-12,25
ONB00281,M0079,dashboard_explored,7,2024-04-20,30
ONB00282,M0080,account_created,1,2024-05-28,0
ONB00283,M0080,business_info_filled,2,2024-05-30,0
ONB00284,M0081,account_created,1,2023-07-07,0
ONB00285,M0082,account_created,1,2023-03-17,0
ONB00286,M0082,business_info_filled,2,2023-03-19,3
ONB00287,M0082,bank_account_linked,3,2023-03-21,8
ONB00288,M0082,terminal_ordered,4,2023-03-30,12
ONB00289,M0083,account_created,1,2023-05-28,0
ONB00290,M0083,business_info_filled,2,2023-05-30,3
ONB00291,M0084,account_created,1,2024-03-23,0
ONB00292,M0084,business_info_filled,2,2024-03-26,4
ONB00293,M0085,account_created,1,2024-05-27,0
ONB00294,M0085,business_info_filled,2,2024-05-29,2
ONB00295,M0085,bank_account_linked,3,2024-06-02,8
ONB00296,M0085,terminal_ordered,4,2024-06-06,6
ONB00297,M0086,account_created,1,2023-04-17,0
ONB00298,M0087,account_created,1,2023-01-11,0
ONB00299,M0087,business_info_filled,2,2023-01-13,3
ONB00300,M0088,account_created,1,2024-11-21,0
ONB00301,M0088,business_info_filled,2,2024-11-22,0
ONB00302,M0088,bank_account_linked,3,2024-11-25,8
ONB00303,M0089,account_created,1,2024-06-04,0
ONB00304,M0089,business_info_filled,2,2024-06-05,3
ONB00305,M0089,bank_account_linked,3,2024-06-11,6
ONB00306,M0090,account_created,1,2023-09-25,0
ONB00307,M0090,business_info_filled,2,2023-09-28,3
ONB00308,M0090,bank_account_linked,3,2023-10-04,4
ONB00309,M0091,account_created,1,2024-09-26,0
ONB00310,M0092,account_created,1,2023-08-21,0
ONB00311,M0092,business_info_filled,2,2023-08-22,2
ONB00312,M0092,bank_account_linked,3,2023-08-23,6
ONB00313,M0093,account_created,1,2023-05-30,0
ONB00314,M0093,business_info_filled,2,2023-05-31,2
ONB00315,M0093,bank_account_linked,3,2023-06-03,0
ONB00316,M0093,terminal_ordered,4,2023-06-06,9
ONB00317,M0093,terminal_activated,5,2023-06-16,12
ONB00318,M0094,account_created,1,2023-02-16,0
ONB00319,M0094,business_info_filled,2,2023-02-19,3
ONB00320,M0094,bank_account_linked,3,2023-02-24,6
ONB00321,M0094,terminal_ordered,4,2023-03-01,9
ONB00322,M0094,terminal_activated,5,2023-03-02,20
ONB00323,M0095,account_created,1,2023-01-27,0
ONB00324,M0095,business_info_filled,2,2023-01-30,2
ONB00325,M0095,bank_account_linked,3,2023-02-05,6
ONB00326,M0095,terminal_ordered,4,2023-02-09,6
ONB00327,M0096,account_created,1,2024-08-13,0
ONB00328,M0096,business_info_filled,2,2024-08-16,2
ONB00329,M0096,bank_account_linked,3,2024-08-19,10
ONB00330,M0096,terminal_ordered,4,2024-08-26,15
ONB00331,M0096,terminal_activated,5,2024-09-06,16
ONB00332,M0097,account_created,1,2024-06-28,0
ONB00333,M0097,business_info_filled,2,2024-06-29,2
ONB00334,M0097,bank_account_linked,3,2024-07-01,4
ONB00335,M0097,terminal_ordered,4,2024-07-06,12
ONB00336,M0098,account_created,1,2024-05-11,0
ONB00337,M0098,business_info_filled,2,2024-05-14,5
ONB00338,M0098,bank_account_linked,3,2024-05-15,6
ONB00339,M0098,terminal_ordered,4,2024-05-18,15
ONB00340,M0098,terminal_activated,5,2024-05-24,8
ONB00341,M0099,account_created,1,2023-12-09,0
ONB00342,M0099,business_info_filled,2,2023-12-10,2
ONB00343,M0099,bank_account_linked,3,2023-12-13,6
ONB00344,M0100,account_created,1,2024-09-24,0
ONB00345,M0101,account_created,1,2023-03-05,0
ONB00346,M0102,account_created,1,2024-04-09,0
ONB00347,M0102,business_info_filled,2,2024-04-11,0
ONB00348,M0102,bank_account_linked,3,2024-04-14,6
ONB00349,M0103,account_created,1,2023-10-07,0
ONB00350,M0103,business_info_filled,2,2023-10-08,2
ONB00351,M0103,bank_account_linked,3,2023-10-09,6
ONB00352,M0103,terminal_ordered,4,2023-10-15,12
ONB00353,M0104,account_created,1,2023-11-29,0
ONB00354,M0105,account_created,1,2022-12-31,0
ONB00355,M0105,business_info_filled,2,2023-01-02,0
ONB00356,M0106,account_created,1,2023-05-06,0
ONB00357,M0106,business_info_filled,2,2023-05-09,2
ONB00358,M0107,account_created,1,2024-05-26,0
ONB00359,M0107,business_info_filled,2,2024-05-27,5
ONB00360,M0108,account_created,1,2023-05-14,0
ONB00361,M0109,account_created,1,2024-07-03,0
ONB00362,M0109,business_info_filled,2,2024-07-04,3
ONB00363,M0110,account_created,1,2023-05-03,0
ONB00364,M0110,business_info_filled,2,2023-05-05,5
ONB00365,M0110,bank_account_linked,3,2023-05-07,4
ONB00366,M0111,account_created,1,2023-11-24,0
ONB00367,M0111,business_info_filled,2,2023-11-27,5
ONB00368,M0111,bank_account_linked,3,2023-11-28,0
ONB00369,M0112,account_created,1,2023-01-16,0
ONB00370,M0112,business_info_filled,2,2023-01-17,4
ONB00371,M0112,bank_account_linked,3,2023-01-20,2
ONB00372,M0113,account_created,1,2024-10-07,0
ONB00373,M0113,business_info_filled,2,2024-10-08,1
ONB00374,M0113,bank_account_linked,3,2024-10-09,2
ONB00375,M0114,account_created,1,2024-11-02,0
ONB00376,M0114,business_info_filled,2,2024-11-05,1
ONB00377,M0114,bank_account_linked,3,2024-11-08,2
ONB00378,M0114,terminal_ordered,4,2024-11-15,15
ONB00379,M0114,terminal_activated,5,2024-11-17,20
ONB00380,M0114,first_transaction_completed,6,2024-11-26,10
ONB00381,M0115,account_created,1,2023-12-04,0
ONB00382,M0115,business_info_filled,2,2023-12-07,5
ONB00383,M0115,bank_account_linked,3,2023-12-08,10
ONB00384,M0115,terminal_ordered,4,2023-12-15,9
ONB00385,M0115,terminal_activated,5,2023-12-23,0
ONB00386,M0116,account_created,1,2024-04-10,0
ONB00387,M0116,business_info_filled,2,2024-04-11,0
ONB00388,M0116,bank_account_linked,3,2024-04-16,10
ONB00389,M0116,terminal_ordered,4,2024-04-23,6
ONB00390,M0117,account_created,1,2023-07-06,0
ONB00391,M0117,business_info_filled,2,2023-07-07,5
ONB00392,M0118,account_created,1,2023-08-20,0
ONB00393,M0118,business_info_filled,2,2023-08-22,1
ONB00394,M0118,bank_account_linked,3,2023-08-26,6
ONB00395,M0118,terminal_ordered,4,2023-09-01,0
ONB00396,M0118,terminal_activated,5,2023-09-06,20
ONB00397,M0118,first_transaction_completed,6,2023-09-17,5
ONB00398,M0119,account_created,1,2023-04-14,0
ONB00399,M0119,business_info_filled,2,2023-04-17,5
ONB00400,M0119,bank_account_linked,3,2023-04-22,2
ONB00401,M0119,terminal_ordered,4,2023-05-01,12
ONB00402,M0119,terminal_activated,5,2023-05-08,0
ONB00403,M0119,first_transaction_completed,6,2023-05-21,25
ONB00404,M0120,account_created,1,2024-10-26,0
ONB00405,M0120,business_info_filled,2,2024-10-27,2
ONB00406,M0120,bank_account_linked,3,2024-10-29,2
ONB00407,M0121,account_created,1,2023-03-16,0
ONB00408,M0121,business_info_filled,2,2023-03-17,2
ONB00409,M0122,account_created,1,2024-10-29,0
ONB00410,M0122,business_info_filled,2,2024-11-01,5
ONB00411,M0122,bank_account_linked,3,2024-11-04,2
ONB00412,M0123,account_created,1,2024-06-04,0
ONB00413,M0123,business_info_filled,2,2024-06-07,1
ONB00414,M0123,bank_account_linked,3,2024-06-09,0
ONB00415,M0124,account_created,1,2023-09-02,0
ONB00416,M0124,business_info_filled,2,2023-09-04,3
ONB00417,M0124,bank_account_linked,3,2023-09-10,4
ONB00418,M0124,terminal_ordered,4,2023-09-12,12
ONB00419,M0125,account_created,1,2024-06-08,0
ONB00420,M0125,business_info_filled,2,2024-06-10,2
ONB00421,M0125,bank_account_linked,3,2024-06-15,6
ONB00422,M0125,terminal_ordered,4,2024-06-19,6
ONB00423,M0126,account_created,1,2024-08-04,0
ONB00424,M0126,business_info_filled,2,2024-08-07,5
ONB00425,M0126,bank_account_linked,3,2024-08-10,10
ONB00426,M0126,terminal_ordered,4,2024-08-11,9
ONB00427,M0126,terminal_activated,5,2024-08-15,8
ONB00428,M0127,account_created,1,2023-05-23,0
ONB00429,M0127,business_info_filled,2,2023-05-26,3
ONB00430,M0127,bank_account_linked,3,2023-05-30,2
ONB00431,M0127,terminal_ordered,4,2023-06-08,3
ONB00432,M0128,account_created,1,2023-03-02,0
ONB00433,M0128,business_info_filled,2,2023-03-03,5
ONB00434,M0128,bank_account_linked,3,2023-03-04,6
ONB00435,M0129,account_created,1,2024-10-07,0
ONB00436,M0129,business_info_filled,2,2024-10-09,3
ONB00437,M0129,bank_account_linked,3,2024-10-12,0
ONB00438,M0129,terminal_ordered,4,2024-10-20,12
ONB00439,M0130,account_created,1,2024-05-31,0
ONB00440,M0130,business_info_filled,2,2024-06-02,1
ONB00441,M0130,bank_account_linked,3,2024-06-03,8
ONB00442,M0130,terminal_ordered,4,2024-06-09,6
ONB00443,M0130,terminal_activated,5,2024-06-11,4
ONB00444,M0131,account_created,1,2024-06-01,0
ONB00445,M0132,account_created,1,2023-05-01,0
ONB00446,M0132,business_info_filled,2,2023-05-03,1
ONB00447,M0132,bank_account_linked,3,2023-05-05,8
ONB00448,M0133,account_created,1,2023-06-12,0
ONB00449,M0133,business_info_filled,2,2023-06-15,4
ONB00450,M0133,bank_account_linked,3,2023-06-21,8
ONB00451,M0133,terminal_ordered,4,2023-06-27,12
ONB00452,M0134,account_created,1,2024-06-16,0
ONB00453,M0134,business_info_filled,2,2024-06-19,3
ONB00454,M0134,bank_account_linked,3,2024-06-24,4
ONB00455,M0134,terminal_ordered,4,2024-06-26,12
ONB00456,M0134,terminal_activated,5,2024-06-27,12
ONB00457,M0134,first_transaction_completed,6,2024-06-29,10
ONB00458,M0135,account_created,1,2023-10-30,0
ONB00459,M0135,business_info_filled,2,2023-11-02,4
ONB00460,M0136,account_created,1,2024-11-09,0
ONB00461,M0136,business_info_filled,2,2024-11-12,3
ONB00462,M0136,bank_account_linked,3,2024-11-16,0
ONB00463,M0136,terminal_ordered,4,2024-11-18,6
ONB00464,M0136,terminal_activated,5,2024-11-19,4
ONB00465,M0136,first_transaction_completed,6,2024-11-27,15
ONB00466,M0137,account_created,1,2023-07-12,0
ONB00467,M0138,account_created,1,2023-10-16,0
ONB00468,M0138,business_info_filled,2,2023-10-18,5
ONB00469,M0138,bank_account_linked,3,2023-10-23,0
ONB00470,M0139,account_created,1,2023-03-11,0
ONB00471,M0139,business_info_filled,2,2023-03-14,4
ONB00472,M0139,bank_account_linked,3,2023-03-17,4
ONB00473,M0140,account_created,1,2024-01-28,0
ONB00474,M0140,business_info_filled,2,2024-01-30,0
ONB00475,M0140,bank_account_linked,3,2024-02-02,10
ONB00476,M0141,account_created,1,2023-04-11,0
ONB00477,M0141,business_info_filled,2,2023-04-14,3
ONB00478,M0141,bank_account_linked,3,2023-04-17,4
ONB00479,M0141,terminal_ordered,4,2023-04-23,3
ONB00480,M0142,account_created,1,2024-03-23,0
ONB00481,M0142,business_info_filled,2,2024-03-24,2
ONB00482,M0142,bank_account_linked,3,2024-03-30,8
ONB00483,M0143,account_created,1,2023-09-27,0
ONB00484,M0143,business_info_filled,2,2023-09-28,1
ONB00485,M0143,bank_account_linked,3,2023-10-03,10
ONB00486,M0144,account_created,1,2023-11-30,0
ONB00487,M0144,business_info_filled,2,2023-12-03,5
ONB00488,M0144,bank_account_linked,3,2023-12-08,6
ONB00489,M0144,terminal_ordered,4,2023-12-16,15
ONB00490,M0144,terminal_activated,5,2023-12-21,4
ONB00491,M0145,account_created,1,2024-10-31,0
ONB00492,M0145,business_info_filled,2,2024-11-02,4
ONB00493,M0145,bank_account_linked,3,2024-11-06,4
ONB00494,M0145,terminal_ordered,4,2024-11-09,9
ONB00495,M0146,account_created,1,2024-05-10,0
ONB00496,M0146,business_info_filled,2,2024-05-12,3
ONB00497,M0146,bank_account_linked,3,2024-05-18,0
ONB00498,M0147,account_created,1,2024-09-19,0
ONB00499,M0147,business_info_filled,2,2024-09-21,2
ONB00500,M0148,account_created,1,2023-10-11,0
ONB00501,M0149,account_created,1,2023-09-14,0
ONB00502,M0150,account_created,1,2023-09-25,0
ONB00503,M0150,business_info_filled,2,2023-09-27,0
ONB00504,M0150,bank_account_linked,3,2023-09-28,4
ONB00505,M0151,account_created,1,2024-12-26,0
ONB00506,M0151,business_info_filled,2,2024-12-29,3
ONB00507,M0152,account_created,1,2024-10-06,0
ONB00508,M0152,business_info_filled,2,2024-10-07,0
ONB00509,M0152,bank_account_linked,3,2024-10-12,2
ONB00510,M0153,account_created,1,2023-10-13,0
ONB00511,M0153,business_info_filled,2,2023-10-15,1
ONB00512,M0153,bank_account_linked,3,2023-10-19,2
ONB00513,M0153,terminal_ordered,4,2023-10-27,12
ONB00514,M0153,terminal_activated,5,2023-11-06,12
ONB00515,M0154,account_created,1,2023-04-26,0
ONB00516,M0154,business_info_filled,2,2023-04-28,2
ONB00517,M0154,bank_account_linked,3,2023-04-30,4
ONB00518,M0154,terminal_ordered,4,2023-05-02,3
ONB00519,M0154,terminal_activated,5,2023-05-04,8
ONB00520,M0155,account_created,1,2023-11-08,0
ONB00521,M0155,business_info_filled,2,2023-11-09,3
ONB00522,M0155,bank_account_linked,3,2023-11-12,4
ONB00523,M0156,account_created,1,2024-03-26,0
ONB00524,M0156,business_info_filled,2,2024-03-29,5
ONB00525,M0156,bank_account_linked,3,2024-04-04,8
ONB00526,M0157,account_created,1,2024-06-06,0
ONB00527,M0157,business_info_filled,2,2024-06-09,1
ONB00528,M0157,bank_account_linked,3,2024-06-13,10
ONB00529,M0157,terminal_ordered,4,2024-06-15,3
ONB00530,M0158,account_created,1,2024-04-11,0
ONB00531,M0158,business_info_filled,2,2024-04-12,1
ONB00532,M0158,bank_account_linked,3,2024-04-17,4
ONB00533,M0158,terminal_ordered,4,2024-04-25,12
ONB00534,M0158,terminal_activated,5,2024-04-29,20
ONB00535,M0158,first_transaction_completed,6,2024-05-13,0
ONB00536,M0159,account_created,1,2023-02-27,0
ONB00537,M0160,account_created,1,2023-01-18,0
ONB00538,M0161,account_created,1,2023-06-06,0
ONB00539,M0162,account_created,1,2024-03-15,0
ONB00540,M0162,business_info_filled,2,2024-03-16,4
ONB00541,M0162,bank_account_linked,3,2024-03-17,4
ONB00542,M0162,terminal_ordered,4,2024-03-22,15
ONB00543,M0162,terminal_activated,5,2024-04-03,16
ONB00544,M0162,first_transaction_completed,6,2024-04-11,25
ONB00545,M0162,dashboard_explored,7,2024-04-23,0
ONB00546,M0163,account_created,1,2023-08-31,0
ONB00547,M0163,business_info_filled,2,2023-09-02,5
ONB00548,M0163,bank_account_linked,3,2023-09-08,10
ONB00549,M0163,terminal_ordered,4,2023-09-11,0
ONB00550,M0164,account_created,1,2024-02-08,0
ONB00551,M0164,business_info_filled,2,2024-02-11,1
ONB00552,M0164,bank_account_linked,3,2024-02-16,6
ONB00553,M0164,terminal_ordered,4,2024-02-24,3
ONB00554,M0165,account_created,1,2023-03-25,0
ONB00555,M0165,business_info_filled,2,2023-03-27,3
ONB00556,M0165,bank_account_linked,3,2023-03-28,2
ONB00557,M0165,terminal_ordered,4,2023-04-05,3
ONB00558,M0165,terminal_activated,5,2023-04-07,16
ONB00559,M0165,first_transaction_completed,6,2023-04-19,10
ONB00560,M0166,account_created,1,2023-05-27,0
ONB00561,M0166,business_info_filled,2,2023-05-28,1
ONB00562,M0166,bank_account_linked,3,2023-06-01,10
ONB00563,M0167,account_created,1,2024-01-02,0
ONB00564,M0167,business_info_filled,2,2024-01-05,4
ONB00565,M0167,bank_account_linked,3,2024-01-07,4
ONB00566,M0168,account_created,1,2023-10-20,0
ONB00567,M0168,business_info_filled,2,2023-10-21,4
ONB00568,M0168,bank_account_linked,3,2023-10-23,2
ONB00569,M0168,terminal_ordered,4,2023-10-24,9
ONB00570,M0168,terminal_activated,5,2023-10-30,16
ONB00571,M0168,first_transaction_completed,6,2023-11-02,20
ONB00572,M0169,account_created,1,2024-09-13,0
ONB00573,M0170,account_created,1,2024-10-29,0
ONB00574,M0170,business_info_filled,2,2024-10-30,4
ONB00575,M0170,bank_account_linked,3,2024-11-05,4
ONB00576,M0170,terminal_ordered,4,2024-11-14,9
ONB00577,M0170,terminal_activated,5,2024-11-25,16
ONB00578,M0171,account_created,1,2023-03-19,0
ONB00579,M0171,business_info_filled,2,2023-03-20,0
ONB00580,M0171,bank_account_linked,3,2023-03-22,4
ONB00581,M0171,terminal_ordered,4,2023-03-26,15
ONB00582,M0171,terminal_activated,5,2023-03-31,16
ONB00583,M0172,account_created,1,2023-07-01,0
ONB00584,M0172,business_info_filled,2,2023-07-04,2
ONB00585,M0172,bank_account_linked,3,2023-07-10,8
ONB00586,M0172,terminal_ordered,4,2023-07-13,12
ONB00587,M0172,terminal_activated,5,2023-07-25,16
ONB00588,M0173,account_created,1,2023-05-08,0
ONB00589,M0173,business_info_filled,2,2023-05-09,0
ONB00590,M0173,bank_account_linked,3,2023-05-14,10
ONB00591,M0173,terminal_ordered,4,2023-05-21,3
ONB00592,M0174,account_created,1,2024-05-26,0
ONB00593,M0174,business_info_filled,2,2024-05-28,2
ONB00594,M0174,bank_account_linked,3,2024-06-01,10
ONB00595,M0174,terminal_ordered,4,2024-06-02,0
ONB00596,M0174,terminal_activated,5,2024-06-10,12
ONB00597,M0174,first_transaction_completed,6,2024-06-20,10
ONB00598,M0174,dashboard_explored,7,2024-07-01,30
ONB00599,M0175,account_created,1,2023-10-15,0
ONB00600,M0175,business_info_filled,2,2023-10-18,4
ONB00601,M0175,bank_account_linked,3,2023-10-22,2
ONB00602,M0175,terminal_ordered,4,2023-10-26,9
ONB00603,M0175,terminal_activated,5,2023-10-31,0
ONB00604,M0176,account_created,1,2023-05-10,0
ONB00605,M0177,account_created,1,2024-12-02,0
ONB00606,M0177,business_info_filled,2,2024-12-04,1
ONB00607,M0178,account_created,1,2024-05-04,0
ONB00608,M0178,business_info_filled,2,2024-05-07,3
ONB00609,M0178,bank_account_linked,3,2024-05-09,2
ONB00610,M0178,terminal_ordered,4,2024-05-10,0
ONB00611,M0178,terminal_activated,5,2024-05-21,16
ONB00612,M0179,account_created,1,2024-11-13,0
ONB00613,M0179,business_info_filled,2,2024-11-16,2
ONB00614,M0179,bank_account_linked,3,2024-11-19,6
ONB00615,M0179,terminal_ordered,4,2024-11-28,0
ONB00616,M0179,terminal_activated,5,2024-12-03,16
ONB00617,M0179,first_transaction_completed,6,2024-12-11,20
ONB00618,M0180,account_created,1,2024-07-29,0
ONB00619,M0180,business_info_filled,2,2024-07-31,0
ONB00620,M0180,bank_account_linked,3,2024-08-05,4
ONB00621,M0181,account_created,1,2023-07-19,0
ONB00622,M0181,business_info_filled,2,2023-07-20,0
ONB00623,M0181,bank_account_linked,3,2023-07-24,4
ONB00624,M0181,terminal_ordered,4,2023-08-02,3
ONB00625,M0181,terminal_activated,5,2023-08-08,16
ONB00626,M0181,first_transaction_completed,6,2023-08-20,20
ONB00627,M0182,account_created,1,2024-12-07,0
ONB00628,M0182,business_info_filled,2,2024-12-09,2
ONB00629,M0183,account_created,1,2023-11-11,0
ONB00630,M0184,account_created,1,2023-04-27,0
ONB00631,M0184,business_info_filled,2,2023-04-30,2
ONB00632,M0185,account_created,1,2023-06-12,0
ONB00633,M0185,business_info_filled,2,2023-06-14,4
ONB00634,M0185,bank_account_linked,3,2023-06-20,10
ONB00635,M0185,terminal_ordered,4,2023-06-23,9
ONB00636,M0186,account_created,1,2023-12-12,0
ONB00637,M0186,business_info_filled,2,2023-12-14,3
ONB00638,M0186,bank_account_linked,3,2023-12-20,6
ONB00639,M0186,terminal_ordered,4,2023-12-28,12
ONB00640,M0187,account_created,1,2024-04-01,0
ONB00641,M0187,business_info_filled,2,2024-04-03,4
ONB00642,M0188,account_created,1,2024-08-05,0
ONB00643,M0189,account_created,1,2024-03-13,0
ONB00644,M0189,business_info_filled,2,2024-03-16,5
ONB00645,M0189,bank_account_linked,3,2024-03-19,10
ONB00646,M0189,terminal_ordered,4,2024-03-23,3
ONB00647,M0189,terminal_activated,5,2024-03-27,8
ONB00648,M0190,account_created,1,2024-09-28,0
ONB00649,M0190,business_info_filled,2,2024-09-30,3
ONB00650,M0190,bank_account_linked,3,2024-10-06,8
ONB00651,M0190,terminal_ordered,4,2024-10-15,0
ONB00652,M0190,terminal_activated,5,2024-10-21,12
ONB00653,M0191,account_created,1,2024-09-29,0
ONB00654,M0191,business_info_filled,2,2024-09-30,5
ONB00655,M0191,bank_account_linked,3,2024-10-06,6
ONB00656,M0191,terminal_ordered,4,2024-10-10,9
ONB00657,M0191,terminal_activated,5,2024-10-15,16
ONB00658,M0192,account_created,1,2024-11-05,0
ONB00659,M0192,business_info_filled,2,2024-11-06,4
ONB00660,M0192,bank_account_linked,3,2024-11-11,10
ONB00661,M0192,terminal_ordered,4,2024-11-12,3
ONB00662,M0192,terminal_activated,5,2024-11-24,8
ONB00663,M0192,first_transaction_completed,6,2024-12-07,25
ONB00664,M0192,dashboard_explored,7,2024-12-13,24
ONB00665,M0193,account_created,1,2023-02-10,0
ONB00666,M0193,business_info_filled,2,2023-02-12,2
ONB00667,M0193,bank_account_linked,3,2023-02-13,0
ONB00668,M0194,account_created,1,2024-02-07,0
ONB00669,M0195,account_created,1,2024-07-17,0
ONB00670,M0196,account_created,1,2024-07-31,0
ONB00671,M0197,account_created,1,2024-03-09,0
ONB00672,M0197,business_info_filled,2,2024-03-12,4
ONB00673,M0197,bank_account_linked,3,2024-03-15,4
ONB00674,M0197,terminal_ordered,4,2024-03-24,15
ONB00675,M0197,terminal_activated,5,2024-04-02,4
ONB00676,M0197,first_transaction_completed,6,2024-04-15,5
ONB00677,M0197,dashboard_explored,7,2024-04-30,6
ONB00678,M0198,account_created,1,2024-09-25,0
ONB00679,M0198,business_info_filled,2,2024-09-28,4
ONB00680,M0199,account_created,1,2024-03-24,0
ONB00681,M0199,business_info_filled,2,2024-03-26,4
ONB00682,M0199,bank_account_linked,3,2024-03-27,10
ONB00683,M0199,terminal_ordered,4,2024-04-04,3
ONB00684,M0199,terminal_activated,5,2024-04-05,4
ONB00685,M0199,first_transaction_completed,6,2024-04-13,5
ONB00686,M0200,account_created,1,2023-02-08,0
ONB00687,M0200,business_info_filled,2,2023-02-11,2
ONB00688,M0200,bank_account_linked,3,2023-02-12,10
ONB00689,M0200,terminal_ordered,4,2023-02-19,3
